"card_id","key_infor","vietnamese_meaning","english_meaning","english_meaning_separated_by_space","english_ipa","english_ipa_separated_by_space"
"1","in 1898, baking companies, merged, National Baking Company, called Nabisco","Vào năm 1898, một số công ty làm bánh đã sáp nhập để thành lập Công ty Bánh Quốc gia (National Baking Company), còn được gọi là Nabisco.","In 1898, several baking companies **merged** to form the **National Baking Company**, also called Nabisco.","In___1898,___several___baking___companies___**merged**___to___form___the___**National___Baking___Company**,___also___called___Nabisco.","/ɪn eɪˈtiːn.ˈnaɪnti.ˈeɪt ˈsɛvrəl ˈbeɪkɪŋ ˈkʌmpəniz mɜrdʒd tə fɔrm ðə ˈnæʃənəl ˈbeɪkɪŋ ˈkʌmpəni ˈɔlsoʊ kɔld nəˈbɪskoʊ/","ɪn___eɪˈtiːn.ˈnaɪnti.ˈeɪt___ˈsɛvrəl___ˈbeɪkɪŋ___ˈkʌmpəniz___mɜrdʒd___tə___fɔrm___ðə___ˈnæʃənəl___ˈbeɪkɪŋ___ˈkʌmpəni___ˈɔlsoʊ___kɔld___nəˈbɪskoʊ"
"2","birth of, the organization, would eventually, create, Oreo cookie","Đây là sự khởi đầu của tổ chức mà sau này đã tạo ra chiếc bánh Oreo.","This was the **birth** of the organization that would **eventually create** the Oreo cookie.","This___was___the___**birth**___of___the___organization___that___would___**eventually___create**___the___Oreo___cookie.","/ðɪs wʌz ðə bɜrθ əv ðə ˌɔrgənəˈzeɪʃən ðæt wʊd ɪˈvɛntʃuəli kriˈeɪt ðə ˈɔrioʊ ˈkʊki/","ðɪs___wʌz___ðə___bɜrθ___əv___ðə___ˌɔrgənəˈzeɪʃən___ðæt___wʊd___ɪˈvɛntʃuəli___kriˈeɪt___ðə___ˈɔrioʊ___ˈkʊki"
"3","today, produced, factories, 18 countries, all over the world","Ngày nay, bánh Oreo được sản xuất tại các nhà máy ở 18 quốc gia trên khắp thế giới.","Today, Oreo cookies are **produced** at factories in 18 countries **all over the world**.","Today,___Oreo___cookies___are___**produced**___at___factories___in___18___countries___**all___over___the___world**.","/təˈdeɪ ˈɔrioʊ ˈkʊkiz ɑr prəˈdust æt ˈfæktriz ɪn eɪˈtiːn ˈkʌntriz ɔl ˈoʊvɚ ðə wɜrld/","təˈdeɪ___ˈɔrioʊ___ˈkʊkiz___ɑr___prəˈdust___æt___ˈfæktriz___ɪn___eɪˈtiːn___ˈkʌntriz___ɔl___ˈoʊvɚ___ðə___wɜrld"
"4","whopping 40 billion, per year","Các nhà máy này giúp sản xuất một con số khổng lồ lên tới 40 tỷ chiếc bánh mỗi năm.","These factories help produce a **whopping** 40 billion cookies per year.","These___factories___help___produce___a___**whopping**___40___billion___cookies___per___year.","/ðiz ˈfæktriz hɛlp prəˈdus ə ˈwɑpɪŋ ˈfɔrti ˈbɪljən ˈkʊkiz pɚ jɪr/","ðiz___ˈfæktriz___hɛlp___prəˈdus___ə___ˈwɑpɪŋ___ˈfɔrti___ˈbɪljən___ˈkʊkiz___pɚ___jɪr"
"5","how do they do it","Vậy, họ làm điều đó bằng cách nào?","So, how do they do it?","So,___how___do___they___do___it?","/soʊ haʊ du ðeɪ du ɪt/","soʊ___haʊ___du___ðeɪ___du___ɪt"
"6","hand making, isn't an option, sheer amount, impossible, by hand","Đối với bánh Oreo, việc làm bằng tay không phải là một lựa chọn khả thi, vì lượng bánh khổng lồ mà mỗi nhà máy phải sản xuất là điều không thể làm thủ công.","For Oreo cookies, hand making **isn't an option** since the **sheer amount** each factory has to produce is impossible to do by hand.","For___Oreo___cookies,___hand___making___**isn't___an___option**___since___the___**sheer___amount**___each___factory___has___to___produce___is___impossible___to___do___by___hand.","/fɔr ˈɔrioʊ ˈkʊkiz hænd ˈmeɪkɪŋ ˈɪzənt ən ˈɑpʃən sɪns ðə ʃɪr əˈmaʊnt itʃ ˈfæktəri hæz tə prəˈdus ɪz ɪmˈpɑsəbəl tu du baɪ hænd/","fɔr___ˈɔrioʊ___ˈkʊkiz___hænd___ˈmeɪkɪŋ___ˈɪzənt___ən___ˈɑpʃən___sɪns___ðə___ʃɪr___əˈmaʊnt___itʃ___ˈfæktəri___hæz___tə___prəˈdus___ɪz___ɪmˈpɑsəbəl___tu___du___baɪ___hænd"
"7","for this purpose, heavy-duty machinery, equipped, churn out, one billion cookies","Vì mục đích này, nhà máy Oreo được trang bị đầy đủ máy móc hạng nặng, có khả năng sản xuất ra hơn một tỷ chiếc bánh mỗi năm.","For this purpose, the Oreo factory is full of **heavy-duty machinery**, equipped to **churn out** more than one billion cookies each year.","For___this___purpose,___the___Oreo___factory___is___full___of___**heavy-duty___machinery**,___equipped___to___**churn___out**___more___than___one___billion___cookies___each___year.","/fɔr ðɪs ˈpɜrpəs ðə ˈɔrioʊ ˈfæktəri ɪz fʊl əv ˈhɛvi.ˈduti məˈʃinəri ɪˈkwɪpt tə tʃɜrn aʊt mɔr ðæn wʌn ˈbɪljən ˈkʊkiz itʃ jɪr/","fɔr___ðɪs___ˈpɜrpəs___ðə___ˈɔrioʊ___ˈfæktəri___ɪz___fʊl___əv___ˈhɛvi.ˈduti___məˈʃinəri___ɪˈkwɪpt___tə___tʃɜrn___aʊt___mɔr___ðæn___wʌn___ˈbɪljən___ˈkʊkiz___itʃ___jɪr"
"8","main ingredients, essential, leavening agents, baking soda, vanilla cream filling","Những nguyên liệu chính không thể thiếu trong quá trình làm bánh là bột mì, đường, bột ca cao, dầu thực vật, các chất tạo men như baking soda và bột nở, muối, hương liệu, và kem nhân vani.","The main ingredients **essential** to the cookie making process are flour, sugar, cocoa powder, vegetable oil, **leavening agents**, such as baking soda and baking powder, salt, flavorings, and vanilla cream filling.","The___main___ingredients___**essential**___to___the___cookie___making___process___are___flour,___sugar,___cocoa___powder,___vegetable___oil,___**leavening___agents**,___such___as___baking___soda___and___baking___powder,___salt,___flavorings,___and___vanilla___cream___filling.","/ðə meɪn ɪnˈgridiənts ɪˈsɛnʃəl tə ðə ˈkʊki ˈmeɪkɪŋ ˈprɑsɛs ɑr ˈflaʊɚ ˈʃʊgɚ ˈkoʊkoʊ ˈpaʊdɚ ˈvɛdʒtəbəl ɔɪl ˈlɛvənɪŋ ˈeɪdʒənts sʌtʃ æz ˈbeɪkɪŋ ˈsoʊdə ənd ˈbeɪkɪŋ ˈpaʊdɚ sɔlt ˈfleɪvərɪŋz ænd vəˈnɪlə krim ˈfɪlɪŋ/","ðə___meɪn___ɪnˈgridiənts___ɪˈsɛnʃəl___tə___ðə___ˈkʊki___ˈmeɪkɪŋ___ˈprɑsɛs___ɑr___ˈflaʊɚ___ˈʃʊgɚ___ˈkoʊkoʊ___ˈpaʊdɚ___ˈvɛdʒtəbəl___ɔɪl___ˈlɛvənɪŋ___ˈeɪdʒənts___sʌtʃ___æz___ˈbeɪkɪŋ___ˈsoʊdə___ənd___ˈbeɪkɪŋ___ˈpaʊdɚ___sɔlt___ˈfleɪvərɪŋz___ænd___vəˈnɪlə___krim___ˈfɪlɪŋ"
"9","sourced from, different producers, approved by, quality control team, arrive at the factory","Những nguyên liệu này được lấy từ nhiều nhà cung cấp khác nhau và được đội ngũ kiểm soát chất lượng phê duyệt sau khi chúng đến nhà máy.","These are **sourced** from different producers and are approved by a **quality control team** after they arrive at the factory.","These___are___**sourced**___from___different___producers___and___are___approved___by___a___**quality___control___team**___after___they___arrive___at___the___factory.","/ðiz ɑr sɔrst frʌm ˈdɪfrənt prəˈdusɚz ənd ɑr əˈpruvd baɪ ə ˈkwɑləti kənˈtroʊl tim ˈæftɚ ðeɪ əˈraɪv æt ðə ˈfæktəri/","ðiz___ɑr___sɔrst___frʌm___ˈdɪfrənt___prəˈdusɚz___ənd___ɑr___əˈpruvd___baɪ___ə___ˈkwɑləti___kənˈtroʊl___tim___ˈæftɚ___ðeɪ___əˈraɪv___æt___ðə___ˈfæktəri"
"10","next step, preparing the batter","Bước tiếp theo là chuẩn bị hỗn hợp bột bánh.","The next step is preparing the **batter**.","The___next___step___is___preparing___the___**batter**.","/ðə nɛkst stɛp ɪz prɪˈpɛrɪŋ ðə ˈbætɚ/","ðə___nɛkst___stɛp___ɪz___prɪˈpɛrɪŋ___ðə___ˈbætɚ"
"11","unloads, heaps of sugar, industrial-grade mixer","Một công nhân đổ những đống đường lớn vào máy trộn công nghiệp.","A worker unloads **heaps of** sugar into an **industrial-grade mixer**.","A___worker___unloads___**heaps___of**___sugar___into___an___**industrial-grade___mixer**.","/ə ˈwɜrkɚ ʌnˈloʊdz hips əv ˈʃʊgɚ ˈɪntu ən ɪnˈdʌstriəl.ˈgreɪd ˈmɪksɚ/","ə___ˈwɜrkɚ___ʌnˈloʊdz___hips___əv___ˈʃʊgɚ___ˈɪntu___ən___ɪnˈdʌstriəl.ˈgreɪd___ˈmɪksɚ"
"12","next, adds, two kinds of cocoa, processed beforehand, milder and smoother","Tiếp theo, anh ấy cho vào hai loại ca cao, cả hai loại đều được xử lý trước để làm cho chúng dịu hơn và mịn hơn.","Next, he adds two kinds of cocoa, both types are **processed beforehand** to make them **milder and smoother**.","Next,___he___adds___two___kinds___of___cocoa,___both___types___are___**processed___beforehand**___to___make___them___**milder___and___smoother**.","/nɛkst hi ædz tu kaɪndz əv ˈkoʊkoʊ boʊθ taɪps ɑr ˈprɑsɛst bɪˈfɔrhænd tə meɪk ðɛm ˈmaɪldɚ ænd ˈsmuðɚ/","nɛkst___hi___ædz___tu___kaɪndz___əv___ˈkoʊkoʊ___boʊθ___taɪps___ɑr___ˈprɑsɛst___bɪˈfɔrhænd___tə___meɪk___ðɛm___ˈmaɪldɚ___ænd___ˈsmuðɚ"
"13","signature look, taste","Ca cao mang lại cho bánh Oreo hương vị và diện mạo đặc trưng của chúng.","The cocoa gives the Oreo cookies their **signature look** and taste.","The___cocoa___gives___the___Oreo___cookies___their___**signature___look**___and___taste.","/ðə ˈkoʊkoʊ gɪvz ðə ˈɔrioʊ ˈkʊkiz ðɛr ˈsɪgnətʃɚ lʊk ænd teɪst/","ðə___ˈkoʊkoʊ___gɪvz___ðə___ˈɔrioʊ___ˈkʊkiz___ðɛr___ˈsɪgnətʃɚ___lʊk___ænd___teɪst"
"14","pre-mix, follows","Tiếp theo là một hỗn hợp trộn sẵn gồm muối và các nguyên liệu khác.","A **pre-mix** of salt and other ingredients follows.","A___**pre-mix**___of___salt___and___other___ingredients___follows.","/ə ˈpri.mɪks əv sɔlt ænd ˈʌðɚ ɪnˈgridiənts ˈfɑloʊz/","ə___ˈpri.mɪks___əv___sɔlt___ænd___ˈʌðɚ___ɪnˈgridiənts___ˈfɑloʊz"
"15","specially formulated, canola oil mixture, dry ingredients, help, form into a batter","Một hỗn hợp dầu hạt cải được pha chế đặc biệt sẽ giúp các nguyên liệu khô này kết dính thành hỗn hợp bột.","A **specially formulated** canola oil mixture will help these **dry ingredients** form into a batter.","A___**specially___formulated**___canola___oil___mixture___will___help___these___**dry___ingredients**___form___into___a___batter.","/ə ˈspɛʃəli ˈfɔrmjəleɪtəd kəˈnoʊlə ɔɪl ˈmɪkstʃɚ wɪl hɛlp ðiz draɪ ɪnˈgridiənts fɔrm ˈɪntu ə ˈbætɚ/","ə___ˈspɛʃəli___ˈfɔrmjəleɪtəd___kəˈnoʊlə___ɔɪl___ˈmɪkstʃɚ___wɪl___hɛlp___ðiz___draɪ___ɪnˈgridiənts___fɔrm___ˈɪntu___ə___ˈbætɚ"
"16","huge beaters, blend together, water is added, starts to look like, bubbling chocolate mixture","Khi những chiếc máy đánh trộn cỡ lớn trộn đều mọi thứ, nước được thêm vào và hỗn hợp bột bắt đầu trông giống như một hỗn hợp sô cô la đang sủi bọt.","As **huge beaters** blend everything together, water is added and the batter starts to look like a **bubbling chocolate mixture**.","As___**huge___beaters**___blend___everything___together,___water___is___added___and___the___batter___starts___to___look___like___a___**bubbling___chocolate___mixture**.","/æz hjudʒ ˈbitɚz blɛnd ˈɛvriθɪŋ təˈgɛðɚ ˈwɔtɚ ɪz ˈædəd ænd ðə ˈbætɚ stɑrts tə lʊk laɪk ə ˈbʌbəlɪŋ ˈtʃɑklət ˈmɪkstʃɚ/","æz___hjudʒ___ˈbitɚz___blɛnd___ˈɛvriθɪŋ___təˈgɛðɚ___ˈwɔtɚ___ɪz___ˈædəd___ænd___ðə___ˈbætɚ___stɑrts___tə___lʊk___laɪk___ə___ˈbʌbəlɪŋ___ˈtʃɑklət___ˈmɪkstʃɚ"
"17","dry ice, lower the temperature","Sau đó, đá khô được thêm vào để hạ nhiệt độ của hỗn hợp.","Then, **dry ice** is added to lower the mixture's temperature.","Then,___**dry___ice**___is___added___to___lower___the___mixture's___temperature.","/ðɛn draɪ aɪs ɪz ˈædəd tə ˈloʊɚ ðə ˈmɪkstʃɚz ˈtɛmprətʃɚ/","ðɛn___draɪ___aɪs___ɪz___ˈædəd___tə___ˈloʊɚ___ðə___ˈmɪkstʃɚz___ˈtɛmprətʃɚ"
"18","important, flour is added, turn out, less crumbly, room temperature","Điều này quan trọng vì khi bột mì được cho vào, phần bột nhào sẽ ít bị vỡ vụn hơn so với khi được giữ ở nhiệt độ phòng.","This is important because when flour is added, the dough will turn out to be **less crumbly** than it would have been if it was kept at **room temperature**.","This___is___important___because___when___flour___is___added,___the___dough___will___turn___out___to___be___**less___crumbly**___than___it___would___have___been___if___it___was___kept___at___**room___temperature**.","/ðɪs ɪz ɪmˈpɔrtənt bɪˈkɔz wɛn ˈflaʊɚ ɪz ˈædəd ðə doʊ wɪl tɜrn aʊt tə bi lɛs ˈkrʌmbli ðæn ɪt wʊd hæv bɪn ɪf ɪt wʌz kɛpt æt rum ˈtɛmprətʃɚ/","ðɪs___ɪz___ɪmˈpɔrtənt___bɪˈkɔz___wɛn___ˈflaʊɚ___ɪz___ˈædəd___ðə___doʊ___wɪl___tɜrn___aʊt___tə___bi___lɛs___ˈkrʌmbli___ðæn___ɪt___wʊd___hæv___bɪn___ɪf___ɪt___wʌz___kɛpt___æt___rum___ˈtɛmprətʃɚ"
"19","leavening ingredients, goes in next","Một hỗn hợp trộn sẵn gồm các chất tạo men được cho vào tiếp theo.","A pre-mix of **leavening ingredients** goes in next.","A___pre-mix___of___**leavening___ingredients**___goes___in___next.","/ə ˈpri.mɪks əv ˈlɛvənɪŋ ɪnˈgridiənts goʊz ɪn nɛkst/","ə___ˈpri.mɪks___əv___ˈlɛvənɪŋ___ɪnˈgridiənts___goʊz___ɪn___nɛkst"
"20","final mix, ready to go","Một lần trộn cuối cùng và phần bột sô cô la đã sẵn sàng.","One final mix and the chocolate dough is **ready to go**.","One___final___mix___and___the___chocolate___dough___is___**ready___to___go**.","/wʌn ˈfaɪnəl mɪks ænd ðə ˈtʃɑklət doʊ ɪz ˈrɛdi tə goʊ/","wʌn___ˈfaɪnəl___mɪks___ænd___ðə___ˈtʃɑklət___doʊ___ɪz___ˈrɛdi___tə___goʊ"
"21","shovel, cookie dough, grate, press through, molding machine","Sau đó, công nhân xúc bột bánh vào một tấm lưới và ép chúng qua tấm lưới đó vào máy tạo hình.","The workers then **shovel** the cookie dough into a grate and press them through the grate into a **molding machine**.","The___workers___then___**shovel**___the___cookie___dough___into___a___grate___and___press___them___through___the___grate___into___a___**molding___machine**.","/ðə ˈwɜrkɚz ðɛn ˈʃʌvəl ðə ˈkʊki doʊ ˈɪntu ə greɪt ænd prɛs ðɛm θru ðə greɪt ˈɪntu ə ˈmoʊldɪŋ məˈʃin/","ðə___ˈwɜrkɚz___ðɛn___ˈʃʌvəl___ðə___ˈkʊki___doʊ___ˈɪntu___ə___greɪt___ænd___prɛs___ðɛm___θru___ðə___greɪt___ˈɪntu___ə___ˈmoʊldɪŋ___məˈʃin"
"22","portion, large clumps, individual pieces, crucial, molding process","Điều này giúp phân chia những khối bột bánh lớn thành từng miếng nhỏ riêng lẻ, điều rất quan trọng đối với quá trình tạo hình.","This helps **portion** the large clumps of cookie dough into individual pieces that are **crucial** for the molding process.","This___helps___**portion**___the___large___clumps___of___cookie___dough___into___individual___pieces___that___are___**crucial**___for___the___molding___process.","/ðɪs hɛlps ˈpɔrʃən ðə lɑrdʒ klʌmps əv ˈkʊki doʊ ˈɪntu ˌɪndəˈvɪdʒuəl ˈpisəz ðæt ɑr ˈkruʃəl fɔr ðə ˈmoʊldɪŋ ˈprɑsɛs/","ðɪs___hɛlps___ˈpɔrʃən___ðə___lɑrdʒ___klʌmps___əv___ˈkʊki___doʊ___ˈɪntu___ˌɪndəˈvɪdʒuəl___ˈpisəz___ðæt___ɑr___ˈkruʃəl___fɔr___ðə___ˈmoʊldɪŋ___ˈprɑsɛs"
"23","molding machine, biscuit shapes","Máy tạo hình sau đó nặn bột thành hình dạng bánh quy.","The molding machine then forms the dough into **biscuit shapes**.","The___molding___machine___then___forms___the___dough___into___**biscuit___shapes**.","/ðə ˈmoʊldɪŋ məˈʃin ðɛn fɔrmz ðə doʊ ˈɪntu ˈbɪskət ʃeɪps/","ðə___ˈmoʊldɪŋ___məˈʃin___ðɛn___fɔrmz___ðə___doʊ___ˈɪntu___ˈbɪskət___ʃeɪps"
"24","intricate design, logo, engraved, roller, presses","Máy cũng có phần thiết kế và logo tinh xảo được khắc vào một trục lăn để in lên bề mặt bánh.","It also has the **intricate design** and logo **engraved** into a roller that presses it onto the cookies.","It___also___has___the___**intricate___design**___and___logo___**engraved**___into___a___roller___that___presses___it___onto___the___cookies.","/ɪt ˈɔlsoʊ hæz ðə ˈɪntrəkət dɪˈzaɪn ænd ˈloʊgoʊ ɪnˈgreɪvd ˈɪntu ə ˈroʊlɚ ðæt ˈprɛsəz ɪt ˈɑntu ðə ˈkʊkiz/","ɪt___ˈɔlsoʊ___hæz___ðə___ˈɪntrəkət___dɪˈzaɪn___ænd___ˈloʊgoʊ___ɪnˈgreɪvd___ˈɪntu___ə___ˈroʊlɚ___ðæt___ˈprɛsəz___ɪt___ˈɑntu___ðə___ˈkʊkiz"
"25","churns out, impressive, every hour","Chiếc máy này sản xuất ra một con số ấn tượng là 5.000 chiếc bánh mỗi giờ.","This machine **churns out** an impressive 5,000 cookies every hour.","This___machine___**churns___out**___an___impressive___5,000___cookies___every___hour.","/ðɪs məˈʃin tʃɜrnz aʊt ən ɪmˈprɛsɪv ˈfaɪv.ˈθaʊzənd ˈkʊkiz ˈɛvri aʊɚ/","ðɪs___məˈʃin___tʃɜrnz___aʊt___ən___ɪmˈprɛsɪv___ˈfaɪv.ˈθaʊzənd___ˈkʊkiz___ˈɛvri___aʊɚ"
"26","baking part, process, silicon conveyor, move from, steel one","Đối với công đoạn nướng bánh, bánh được di chuyển từ băng chuyền silicon sang một băng chuyền bằng thép.","For the baking part of the process, the cookies move from a **silicon conveyor** onto a **steel** one.","For___the___baking___part___of___the___process,___the___cookies___move___from___a___**silicon___conveyor**___onto___a___**steel**___one.","/fɔr ðə ˈbeɪkɪŋ pɑrt əv ðə ˈprɑsɛs ðə ˈkʊkiz muv frʌm ə ˈsɪləkən kənˈveɪɚ ˈɑntu ə stil wʌn/","fɔr___ðə___ˈbeɪkɪŋ___pɑrt___əv___ðə___ˈprɑsɛs___ðə___ˈkʊkiz___muv___frʌm___ə___ˈsɪləkən___kənˈveɪɚ___ˈɑntu___ə___stil___wʌn"
"27","thermal properties, efficient baking, crisp attractive base, smooth surface, clean product release","Điều này là vì các đặc tính truyền nhiệt tuyệt vời của băng chuyền giúp nướng bánh hiệu quả và tạo ra lớp đế giòn, đẹp mắt, trong khi bề mặt cứng và nhẵn đảm bảo bánh dễ dàng tách ra sạch sẽ.","This is because the excellent **thermal properties** of the belt deliver efficient baking and a crisp, attractive base while the hard, smooth surface ensures easy **clean product release**.","This___is___because___the___excellent___**thermal___properties**___of___the___belt___deliver___efficient___baking___and___a___crisp,___attractive___base___while___the___hard,___smooth___surface___ensures___easy___**clean___product___release**.","/ðɪs ɪz bɪˈkɔz ðə ˈɛksələnt ˈθɜrməl ˈprɑpɚtiz əv ðə bɛlt dɪˈlɪvɚ ɪˈfɪʃənt ˈbeɪkɪŋ ænd ə krɪsp əˈtræktɪv beɪs waɪl ðə hɑrd smuð ˈsɜrfəs ɪnˈʃʊrz ˈizi klin ˈprɑdʌkt rɪˈlis/","ðɪs___ɪz___bɪˈkɔz___ðə___ˈɛksələnt___ˈθɜrməl___ˈprɑpɚtiz___əv___ðə___bɛlt___dɪˈlɪvɚ___ɪˈfɪʃənt___ˈbeɪkɪŋ___ænd___ə___krɪsp___əˈtræktɪv___beɪs___waɪl___ðə___hɑrd___smuð___ˈsɜrfəs___ɪnˈʃʊrz___ˈizi___klin___ˈprɑdʌkt___rɪˈlis"
"28","travel through, 85-meter long, industrial-grade oven, several minutes, even baking","Sau đó, bánh di chuyển qua một lò nướng công nghiệp dài 85 mét trong vài phút và được nướng chín đều.","The cookies then travel through an 85-meter long **industrial-grade oven** for several minutes and receive an **even baking**.","The___cookies___then___travel___through___an___85-meter___long___**industrial-grade___oven**___for___several___minutes___and___receive___an___**even___baking**.","/ðə ˈkʊkiz ðɛn ˈtrævəl θru ən ˈeɪti.faɪv.ˈmitɚ lɔŋ ɪnˈdʌstriəl.ˈgreɪd ˈʌvən fɔr ˈsɛvrəl ˈmɪnəts ænd rɪˈsiv ən ˈivən ˈbeɪkɪŋ/","ðə___ˈkʊkiz___ðɛn___ˈtrævəl___θru___ən___ˈeɪti.faɪv.ˈmitɚ___lɔŋ___ɪnˈdʌstriəl.ˈgreɪd___ˈʌvən___fɔr___ˈsɛvrəl___ˈmɪnəts___ænd___rɪˈsiv___ən___ˈivən___ˈbeɪkɪŋ"
"29","while, cookies, being cooled, vanilla cream filling, prepared","Trong khi bánh đang được làm nguội, phần kem nhân vani được chuẩn bị.","While the cookies are **being cooled**, the **vanilla cream filling** is prepared.","While___the___cookies___are___**being___cooled**,___the___**vanilla___cream___filling**___is___prepared.","/waɪl ðə ˈkʊkiz ɑr ˈbiɪŋ kuld ðə vəˈnɪlə krim ˈfɪlɪŋ ɪz prɪˈpɛrd/","waɪl___ðə___ˈkʊkiz___ɑr___ˈbiɪŋ___kuld___ðə___vəˈnɪlə___krim___ˈfɪlɪŋ___ɪz___prɪˈpɛrd"
"30","powdered sugar, vegetable shortening, vanilla flavoring, other ingredients, taste and texture","Phần kem nhân được làm từ hỗn hợp đường bột, mỡ thực vật (shortening), hương liệu vani, và đôi khi có thêm các nguyên liệu khác để đạt được hương vị và kết cấu mong muốn.","The filling is made from a mixture of powdered sugar, **vegetable shortening**, vanilla flavoring, and sometimes other ingredients to achieve a desired **taste and texture**.","The___filling___is___made___from___a___mixture___of___powdered___sugar,___**vegetable___shortening**,___vanilla___flavoring,___and___sometimes___other___ingredients___to___achieve___a___desired___**taste___and___texture**.","/ðə ˈfɪlɪŋ ɪz meɪd frʌm ə ˈmɪkstʃɚ əv ˈpaʊdɚd ˈʃʊgɚ ˈvɛdʒtəbəl ˈʃɔrtənɪŋ vəˈnɪlə ˈfleɪvərɪŋ ænd ˈsʌmtaɪmz ˈʌðɚ ɪnˈgridiənts tə əˈtʃiv ə dɪˈzaɪrd teɪst ænd ˈtɛkstʃɚ/","ðə___ˈfɪlɪŋ___ɪz___meɪd___frʌm___ə___ˈmɪkstʃɚ___əv___ˈpaʊdɚd___ˈʃʊgɚ___ˈvɛdʒtəbəl___ˈʃɔrtənɪŋ___vəˈnɪlə___ˈfleɪvərɪŋ___ænd___ˈsʌmtaɪmz___ˈʌðɚ___ɪnˈgridiənts___tə___əˈtʃiv___ə___dɪˈzaɪrd___teɪst___ænd___ˈtɛkstʃɚ"
"31","once, vanilla filling, prepared, loaded onto, pump","Khi phần kem nhân vani được chuẩn bị xong, nó được nạp vào một máy bơm.","Once the vanilla filling is prepared, it is **loaded onto** a pump.","Once___the___vanilla___filling___is___prepared,___it___is___**loaded___onto**___a___pump.","/wʌns ðə vəˈnɪlə ˈfɪlɪŋ ɪz prɪˈpɛrd ɪt ɪz ˈloʊdəd ˈɑntu ə pʌmp/","wʌns___ðə___vəˈnɪlə___ˈfɪlɪŋ___ɪz___prɪˈpɛrd___ɪt___ɪz___ˈloʊdəd___ˈɑntu___ə___pʌmp"
"32","device, controlled and precise, dispensing, filling, pump","Máy bơm là một thiết bị cho phép phân phối phần kem nhân một cách chính xác và có kiểm soát.","The pump is a device that allows **controlled and precise** **dispensing** of the filling.","The___pump___is___a___device___that___allows___**controlled___and___precise**___**dispensing**___of___the___filling.","/ðə pʌmp ɪz ə dɪˈvaɪs ðæt əˈlaʊz kənˈtroʊld ænd prɪˈsaɪs dɪˈspɛnsɪŋ əv ðə ˈfɪlɪŋ/","ðə___pʌmp___ɪz___ə___dɪˈvaɪs___ðæt___əˈlaʊz___kənˈtroʊld___ænd___prɪˈsaɪs___dɪˈspɛnsɪŋ___əv___ðə___ˈfɪlɪŋ"
"33","poured into, hopper, container, attached, pump","Phần kem nhân được đổ vào một phễu hoặc thùng chứa gắn liền với máy bơm.","The filling is poured into a **hopper** or container **attached** to the pump.","The___filling___is___poured___into___a___**hopper**___or___container___**attached**___to___the___pump.","/ðə ˈfɪlɪŋ ɪz pɔrd ˈɪntu ə ˈhɑpɚ ɔr kənˈteɪnɚ əˈtætʃt tə ðə pʌmp/","ðə___ˈfɪlɪŋ___ɪz___pɔrd___ˈɪntu___ə___ˈhɑpɚ___ɔr___kənˈteɪnɚ___əˈtætʃt___tə___ðə___pʌmp"
"34","on the other side, cool, desired crispness, ready for assembly, once","Ở phía bên kia, khi bánh đã nguội đến độ giòn mong muốn, chúng đã sẵn sàng để lắp ráp.","On the other side, once the cookies are cool to the **desired crispness**, they're **ready for assembly**.","On___the___other___side,___once___the___cookies___are___cool___to___the___**desired___crispness**,___they're___**ready___for___assembly**.","/ɑn ðə ˈʌðɚ saɪd wʌns ðə ˈkʊkiz ɑr kul tə ðə dɪˈzaɪrd ˈkrɪspnəs ðɛr ˈrɛdi fɔr əˈsɛmbli/","ɑn___ðə___ˈʌðɚ___saɪd___wʌns___ðə___ˈkʊkiz___ɑr___kul___tə___ðə___dɪˈzaɪrd___ˈkrɪspnəs___ðɛr___ˈrɛdi___fɔr___əˈsɛmbli"
"35","move to, another conveyor, feeds into, series of, chutes","Chúng di chuyển đến một băng chuyền khác dẫn vào một loạt các máng trượt.","They move to another conveyor which **feeds into** a **series of chutes**.","They___move___to___another___conveyor___which___**feeds___into**___a___**series___of___chutes**.","/ðeɪ muv tə əˈnʌðɚ kənˈveɪɚ wɪtʃ fidz ˈɪntu ə ˈsɪriz əv ʃuts/","ðeɪ___muv___tə___əˈnʌðɚ___kənˈveɪɚ___wɪtʃ___fidz___ˈɪntu___ə___ˈsɪriz___əv___ʃuts"
"36","ramps, fall into, certain orientation, plain side up, engraved side up","Những chiếc bánh quy di chuyển qua các đường dốc được thiết kế để làm chúng rơi vào một hướng nhất định; một mặt sẽ nằm ngửa mặt trơn lên trên, trong khi mặt kia sẽ nằm với mặt có khắc hình hướng lên trên.","The biscuits travel over ramps designed to make them fall into a **certain orientation**; one side lands plain side up while the other one lands with the **engraved side up**.","The___biscuits___travel___over___ramps___designed___to___make___them___fall___into___a___**certain___orientation**;___one___side___lands___plain___side___up___while___the___other___one___lands___with___the___**engraved___side___up**.","/ðə ˈbɪskəts ˈtrævəl ˈoʊvɚ ræmps dɪˈzaɪnd tə meɪk ðɛm fɔl ˈɪntu ə ˈsɜrtən ˌɔriɛnˈteɪʃən wʌn saɪd lændz pleɪn saɪd ʌp waɪl ðə ˈʌðɚ wʌn lændz wɪð ðə ɪnˈgreɪvd saɪd ʌp/","ðə___ˈbɪskəts___ˈtrævəl___ˈoʊvɚ___ræmps___dɪˈzaɪnd___tə___meɪk___ðɛm___fɔl___ˈɪntu___ə___ˈsɜrtən___ˌɔriɛnˈteɪʃən___wʌn___saɪd___lændz___pleɪn___saɪd___ʌp___waɪl___ðə___ˈʌðɚ___wʌn___lændz___wɪð___ðə___ɪnˈgreɪvd___saɪd___ʌp"
"37","puts, them, correct position, all-important, cream filling","Điều này đặt chúng vào đúng vị trí để chuẩn bị cho phần nhân kem cực kỳ quan trọng.","This puts them in the **correct position** for the **all-important** cream filling.","This___puts___them___in___the___**correct___position**___for___the___**all-important**___cream___filling.","/ðɪs pʊts ðɛm ɪn ðə kəˈrɛkt pəˈzɪʃən fɔr ðə ˈɔl.ɪmˈpɔrtənt krim ˈfɪlɪŋ/","ðɪs___pʊts___ðɛm___ɪn___ðə___kəˈrɛkt___pəˈzɪʃən___fɔr___ðə___ˈɔl.ɪmˈpɔrtənt___krim___ˈfɪlɪŋ"
"38","cylindrical pump, deposits, vanilla filling, onto, plain side","Một máy bơm hình trụ bơm phần kem nhân vani lên mặt trơn của bánh quy.","A **cylindrical pump** **deposits** the vanilla filling onto the plain side of the biscuits.","A___**cylindrical___pump**___**deposits**___the___vanilla___filling___onto___the___plain___side___of___the___biscuits.","/ə səˈlɪndrɪkəl pʌmp dɪˈpɑzəts ðə vəˈnɪlə ˈfɪlɪŋ ˈɑntu ðə pleɪn saɪd əv ðə ˈbɪskəts/","ə___səˈlɪndrɪkəl___pʌmp___dɪˈpɑzəts___ðə___vəˈnɪlə___ˈfɪlɪŋ___ˈɑntu___ðə___pleɪn___saɪd___əv___ðə___ˈbɪskəts"
"39","travel to, a station, machinery presses, top biscuit, bottom one","Sau đó, những chiếc bánh quy này di chuyển đến một trạm nơi máy móc ép chiếc bánh quy phía trên xuống chiếc phía dưới.","These biscuits then travel to a station where **machinery presses** the top biscuit onto the bottom one.","These___biscuits___then___travel___to___a___station___where___**machinery___presses**___the___top___biscuit___onto___the___bottom___one.","/ðiz ˈbɪskəts ðɛn ˈtrævəl tə ə ˈsteɪʃən wɛr məˈʃinəri ˈprɛsəz ðə tɑp ˈbɪskət ˈɑntu ðə ˈbɑtəm wʌn/","ðiz___ˈbɪskəts___ðɛn___ˈtrævəl___tə___ə___ˈsteɪʃən___wɛr___məˈʃinəri___ˈprɛsəz___ðə___tɑp___ˈbɪskət___ˈɑntu___ðə___ˈbɑtəm___wʌn"
"40","assembled, mechanical fingers, separate into bunches, grippers, swing into action","Sau khi bánh đã được ráp xong, những ngón tay cơ khí sẽ tách chúng thành từng cụm, sau đó các kẹp gắp sẽ hoạt động và di chuyển từng cụm về phía trước rồi thả chúng vào khay nhựa.","Once the cookies have been assembled, **mechanical fingers** separate them into bunches, then **grippers** swing into action and move each bunch forward and then release it into plastic trays.","Once___the___cookies___have___been___assembled,___**mechanical___fingers**___separate___them___into___bunches,___then___**grippers**___swing___into___action___and___move___each___bunch___forward___and___then___release___it___into___plastic___trays.","/wʌns ðə ˈkʊkiz hæv bɪn əˈsɛmbəld məˈkænɪkəl ˈfɪŋgɚz ˈsɛpəreɪt ðɛm ˈɪntu ˈbʌntʃəz ðɛn ˈgrɪpɚz swɪŋ ˈɪntu ˈækʃən ænd muv itʃ bʌntʃ ˈfɔrwɚd ænd ðɛn rɪˈlis ɪt ˈɪntu ˈplæstɪk treɪz/","wʌns___ðə___ˈkʊkiz___hæv___bɪn___əˈsɛmbəld___məˈkænɪkəl___ˈfɪŋgɚz___ˈsɛpəreɪt___ðɛm___ˈɪntu___ˈbʌntʃəz___ðɛn___ˈgrɪpɚz___swɪŋ___ˈɪntu___ˈækʃən___ænd___muv___itʃ___bʌntʃ___ˈfɔrwɚd___ænd___ðɛn___rɪˈlis___ɪt___ˈɪntu___ˈplæstɪk___treɪz"
"41","entire process, takes about, 90 minutes, churning out, every minute","Toàn bộ quá trình làm bánh mất khoảng 90 phút, sản xuất ra 3.000 chiếc bánh mỗi phút.","The entire cookie making process takes about 90 minutes, **churning out** 3,000 cookies every minute.","The___entire___cookie___making___process___takes___about___90___minutes,___**churning___out**___3,000___cookies___every___minute.","/ðə ɪnˈtaɪɚ ˈkʊki ˈmeɪkɪŋ ˈprɑsɛs teɪks əˈbaʊt ˈnaɪnti ˈmɪnəts ˈtʃɜrnɪŋ aʊt ˈθri.ˈθaʊzənd ˈkʊkiz ˈɛvri ˈmɪnət/","ðə___ɪnˈtaɪɚ___ˈkʊki___ˈmeɪkɪŋ___ˈprɑsɛs___teɪks___əˈbaʊt___ˈnaɪnti___ˈmɪnəts___ˈtʃɜrnɪŋ___aʊt___ˈθri.ˈθaʊzənd___ˈkʊkiz___ˈɛvri___ˈmɪnət"
"42","trays, full of biscuits, move on to, quality control, station","Những chiếc khay, giờ đã đầy bánh quy, di chuyển đến trạm kiểm soát chất lượng.","The trays, now full of biscuits, move on to the **quality control station**.","The___trays,___now___full___of___biscuits,___move___on___to___the___**quality___control___station**.","/ðə treɪz naʊ fʊl əv ˈbɪskəts muv ɑn tə ðə ˈkwɑləti kənˈtroʊl ˈsteɪʃən/","ðə___treɪz___naʊ___fʊl___əv___ˈbɪskəts___muv___ɑn___tə___ðə___ˈkwɑləti___kənˈtroʊl___ˈsteɪʃən"
"43","QC station, undergo, quality control checks, meet, standards","Tại trạm QC, những chiếc bánh Oreo trải qua các bước kiểm tra chất lượng để đảm bảo chúng đáp ứng tiêu chuẩn của công ty.","At the QC station, the Oreo cookies **undergo** quality control checks to ensure they **meet the company's standards**.","At___the___QC___station,___the___Oreo___cookies___**undergo**___quality___control___checks___to___ensure___they___**meet___the___company's___standards**.","/æt ðə ˌkjuˈsi ˈsteɪʃən ðə ˈɔrioʊ ˈkʊkiz ˌʌndɚˈgoʊ ˈkwɑləti kənˈtroʊl tʃɛks tə ɪnˈʃʊr ðeɪ mit ðə ˈkʌmpəniz ˈstændɚdz/","æt___ðə___ˌkjuˈsi___ˈsteɪʃən___ðə___ˈɔrioʊ___ˈkʊkiz___ˌʌndɚˈgoʊ___ˈkwɑləti___kənˈtroʊl___tʃɛks___tə___ɪnˈʃʊr___ðeɪ___mit___ðə___ˈkʌmpəniz___ˈstændɚdz"
"44","approved, packaged, larger boxes, shipped, distribution centers","Sau khi được phê duyệt, bánh được đóng gói vào các thùng hoặc hộp lớn hơn và vận chuyển đến các trung tâm phân phối, nơi chúng sau đó được gửi đến các nhà bán lẻ để bán.","Once approved, they are **packaged** into larger boxes or containers and shipped to **distribution centers** where they are then sent to retailers for sale.","Once___approved,___they___are___**packaged**___into___larger___boxes___or___containers___and___shipped___to___**distribution___centers**___where___they___are___then___sent___to___retailers___for___sale.","/wʌns əˈpruvd ðeɪ ɑr ˈpækɪdʒd ˈɪntu ˈlɑrdʒɚ ˈbɑksəz ɔr kənˈteɪnɚz ænd ʃɪpt tə ˌdɪstrəˈbjuʃən ˈsɛntɚz wɛr ðeɪ ɑr ðɛn sɛnt tə riˈteɪlɚz fɔr seɪl/","wʌns___əˈpruvd___ðeɪ___ɑr___ˈpækɪdʒd___ˈɪntu___ˈlɑrdʒɚ___ˈbɑksəz___ɔr___kənˈteɪnɚz___ænd___ʃɪpt___tə___ˌdɪstrəˈbjuʃən___ˈsɛntɚz___wɛr___ðeɪ___ɑr___ðɛn___sɛnt___tə___riˈteɪlɚz___fɔr___seɪl"
"45","iconic cookie, available, a hundred countries, around the globe, 34 billion","Chiếc bánh mang tính biểu tượng này hiện có mặt tại hơn một trăm quốc gia trên khắp thế giới, và khoảng 34 tỷ chiếc được bán ra mỗi năm.","This **iconic** cookie is available in more than a hundred countries around the globe, and approximately **34 billion** are sold each year.","This___**iconic**___cookie___is___available___in___more___than___a___hundred___countries___around___the___globe,___and___approximately___**34___billion**___are___sold___each___year.","/ðɪs aɪˈkɑnɪk ˈkʊki ɪz əˈveɪləbəl ɪn mɔr ðæn ə ˈhʌndrəd ˈkʌntriz əˈraʊnd ðə gloʊb ænd əˈprɑksəmətli ˈθɜrti.fɔr ˈbɪljən ɑr soʊld itʃ jɪr/","ðɪs___aɪˈkɑnɪk___ˈkʊki___ɪz___əˈveɪləbəl___ɪn___mɔr___ðæn___ə___ˈhʌndrəd___ˈkʌntriz___əˈraʊnd___ðə___gloʊb___ænd___əˈprɑksəmətli___ˈθɜrti.fɔr___ˈbɪljən___ɑr___soʊld___itʃ___jɪr"
